<?xml version="1.0" encoding="UTF-8" ?>
<!DOCTYPE configuration
  PUBLIC "-//mybatis.org//DTD Config 3.0//EN"
  "http://mybatis.org/dtd/mybatis-3-config.dtd">
  
<configuration>
	<!-- 위치는 항상 properties 밑에 
	resultType 또는 parameterType에 경로명을 다 적는 대신 
	지정한 alias 이름으로 대체해서 사용할 목적-->
	<typeAliases>
		<typeAlias type="com.samsung.biz.member.vo.MemberVO" alias="member"/>
		<typeAlias type="com.samsung.biz.gul.vo.GulVO" alias="gul"/>
		<typeAlias type="com.samsung.biz.reply.vo.ReplyVO" alias="reply"/>
		<typeAlias type="com.samsung.biz.glike.vo.GlikeVO" alias="glike"/>
	</typeAliases>
	
	<!-- business-layer.xml에서 필요한 정보는 다 올렸음 -->
	
	<mappers>
		<mapper resource="mappings/memberMapper.xml"/>
		<mapper resource="mappings/gulMapper.xml"/>
		<mapper resource="mappings/replyMapper.xml"/>
		<mapper resource="mappings/glikeMapper.xml"/>
	</mappers>
	
	
</configuration>