<?xml version="1.0" encoding="UTF-8" ?>
<!DOCTYPE mapper
  PUBLIC "-//mybatis.org//DTD Mapper 3.0//EN"
  "http://mybatis.org/dtd/mybatis-3-mapper.dtd">
  
<mapper namespace="com.samsung.biz.gul">
	<select id="getGulList" resultType="gul">
		select * from gul
	</select>
	
	<insert id="insertGul" parameterType="gul">
		 insert into gul values((select nvl(max(gseq),0)+1 from gul), #{id}, #{pic}, #{gcontent}, 0, sysdate)
	</insert>
	
	<select id="selectGul" parameterType="int" resultType="gul">
		select * from gul where gseq=#{gseq}
	</select>
	
	<select id="selectPrevGul" parameterType="int" resultType="int">
		select bb 
		from (select gseq aa, lag(gseq,1) over (order by gseq ) bb from gul)
		where aa=#{gseq}
	</select>
	
	<select id="selectNextGul" parameterType="int" resultType="int">
		select bb 
		from (select gseq aa, lead(gseq,1) over (order by gseq ) bb from gul)
		where aa=#{gseq}
	</select>
	
	<update id="updateLikeCnt" parameterType="gul">
		update gul set likecnt = #{likecnt}+1 where gseq=#{gseq}
	</update>
	
	<update id="updateLikeCntForMinus"  parameterType="gul">
		update gul set likecnt = #{likecnt}-1 where gseq=#{gseq}
	</update> 
	
	<select id="selectListCount" resultType="int">
		select count(*) cnt from gul
	</select>
	
	<select id="selectGulListByPage" parameterType="map" resultType="gul">
	<![CDATA[
		select b.* 
		from ( select rownum ro, a.* 
			   from (select gseq, id, pic, gcontent, likecnt, gdate 
					  from gul 
					  order by gseq  
					 ) a 
			  ) b 
		where ro >= #{start} and ro <= #{end}
	]]>  
	</select>
</mapper>
