<?xml version="1.0" encoding="UTF-8" ?>
<!DOCTYPE mapper
  PUBLIC "-//mybatis.org//DTD Mapper 3.0//EN"
  "http://mybatis.org/dtd/mybatis-3-mapper.dtd">
  
<mapper namespace="com.samsung.biz.reply">
	<!-- <select id="getUser" resultType="user">
		select * from users where id=#{id} and password=#{password} 
	</select> -->
	<insert id="insertReply" parameterType="reply">
		insert into reply values ((select nvl(max(rseq),0)+1 from reply), #{id}, #{gseq}, #{rcontent}, sysdate)
	</insert>
	<delete id="deleteReply" parameterType="reply">
		delete from reply where rseq=#{rseq}
	</delete>
	<update id="updateReply" parameterType="reply">
		update reply set rcontent = #{rcontent} where rseq =#{rseq}
	</update>
	<select id="selectReply" parameterType="reply" resultType="reply">
		select * from reply where rseq=#{rseq}
	</select>
	<select id="selectReplyList" parameterType="gul" resultType="reply">
		select * from reply where gseq=#{gseq}
	</select>
</mapper>
